tweet,sentiment
Amazing day!,positive
The event starts at 5 PM.,neutral
I hate how this turned out.,negative
Fantastic experience!,positive
Fantastic experience!,positive
This is the worst thing ever!,negative
The event starts at 5 PM.,neutral
What a wonderful day!,positive
Great job by the team!,positive
What a wonderful day!,positive
It ruined my whole day.,negative
Just finished reading the article.,neutral
Today is Tuesday.,neutral
This is the worst thing ever!,negative
I hate how this turned out.,negative
Today is Tuesday.,neutral
What a wonderful day!,positive
Really disappointed in the results.,negative
I'm so happy about the news!,positive
This update made my day!,positive
The event starts at 5 PM.,neutral
I'm sick of this happening.,negative
I'm so happy about the news!,positive
This update made my day!,positive
I'm sick of this happening.,negative
Really disappointed in the results.,negative
The event starts at 5 PM.,neutral
What a wonderful day!,positive
This is the worst thing ever!,negative
This is the worst thing ever!,negative
I'm so happy about the news!,positive
Today is Tuesday.,neutral
This update made my day!,positive
This update made my day!,positive
It ruined my whole day.,negative
It’s cloudy outside.,neutral
It’s cloudy outside.,neutral
I hate how this turned out.,negative
Today is Tuesday.,neutral
It ruined my whole day.,negative
Just finished reading the article.,neutral
The event starts at 5 PM.,neutral
Absolutely loved this!,positive
Such a terrible decision.,negative
What a wonderful day!,positive
I'm sick of this happening.,negative
Really disappointed in the results.,negative
I'm so happy about the news!,positive
Fantastic experience!,positive
Today is Tuesday.,neutral
Fantastic experience!,positive
Today is Tuesday.,neutral
Such a terrible decision.,negative
Such a terrible decision.,negative
What a wonderful day!,positive
The event starts at 5 PM.,neutral
This is the worst thing ever!,negative
What a wonderful day!,positive
Such a terrible decision.,negative
Working from home again.,neutral
I'm so happy about the news!,positive
It’s cloudy outside.,neutral
This is the worst thing ever!,negative
The event starts at 5 PM.,neutral
It’s cloudy outside.,neutral
It ruined my whole day.,negative
This update made my day!,positive
Working from home again.,neutral
Fantastic experience!,positive
Really disappointed in the results.,negative
I hate how this turned out.,negative
The event starts at 5 PM.,neutral
Really disappointed in the results.,negative
I'm sick of this happening.,negative
Just finished reading the article.,neutral
What a wonderful day!,positive
It’s cloudy outside.,neutral
I'm sick of this happening.,negative
Absolutely loved this!,positive
This update made my day!,positive
Really disappointed in the results.,negative
What a wonderful day!,positive
This is the worst thing ever!,negative
I'm so happy about the news!,positive
I'm sick of this happening.,negative
I hate how this turned out.,negative
It’s cloudy outside.,neutral
Great job by the team!,positive
Such a terrible decision.,negative
I'm sick of this happening.,negative
It ruined my whole day.,negative
This update made my day!,positive
Fantastic experience!,positive
Working from home again.,neutral
Such a terrible decision.,negative
What a wonderful day!,positive
Absolutely loved this!,positive
Just finished reading the article.,neutral
The event starts at 5 PM.,neutral
Fantastic experience!,positive
Absolutely loved this!,positive
Really disappointed in the results.,negative
What a wonderful day!,positive
I'm so happy about the news!,positive
What a wonderful day!,positive
I'm sick of this happening.,negative
Just finished reading the article.,neutral
Such a terrible decision.,negative
Absolutely loved this!,positive
Today is Tuesday.,neutral
Working from home again.,neutral
This is the worst thing ever!,negative
The event starts at 5 PM.,neutral
Fantastic experience!,positive
Absolutely loved this!,positive
What a wonderful day!,positive
Just finished reading the article.,neutral
Today is Tuesday.,neutral
The event starts at 5 PM.,neutral
It’s cloudy outside.,neutral
Fantastic experience!,positive
This is the worst thing ever!,negative
I hate how this turned out.,negative
I'm so happy about the news!,positive
Working from home again.,neutral
I hate how this turned out.,negative
I'm so happy about the news!,positive
I'm so happy about the news!,positive
Fantastic experience!,positive
I'm sick of this happening.,negative
Working from home again.,neutral
This update made my day!,positive
Absolutely loved this!,positive
It’s cloudy outside.,neutral
This update made my day!,positive
Great job by the team!,positive
It’s cloudy outside.,neutral
Great job by the team!,positive
What a wonderful day!,positive
Absolutely loved this!,positive
Just finished reading the article.,neutral
It’s cloudy outside.,neutral
Great job by the team!,positive
Absolutely loved this!,positive
It’s cloudy outside.,neutral
Today is Tuesday.,neutral
I hate how this turned out.,negative
Today is Tuesday.,neutral
I'm so happy about the news!,positive
Fantastic experience!,positive
This update made my day!,positive
This is the worst thing ever!,negative
Great job by the team!,positive
This is the worst thing ever!,negative
What a wonderful day!,positive
Just finished reading the article.,neutral
This is the worst thing ever!,negative
Really disappointed in the results.,negative
I'm so happy about the news!,positive
It ruined my whole day.,negative
Fantastic experience!,positive
It’s cloudy outside.,neutral
Fantastic experience!,positive
What a wonderful day!,positive
Absolutely loved this!,positive
I hate how this turned out.,negative
Great job by the team!,positive
This update made my day!,positive
Fantastic experience!,positive
I'm sick of this happening.,negative
The event starts at 5 PM.,neutral
I'm so happy about the news!,positive
This is the worst thing ever!,negative
What a wonderful day!,positive
Today is Tuesday.,neutral
I'm so happy about the news!,positive
Working from home again.,neutral
The event starts at 5 PM.,neutral
Fantastic experience!,positive
I'm sick of this happening.,negative
This update made my day!,positive
Just finished reading the article.,neutral
The event starts at 5 PM.,neutral
Absolutely loved this!,positive
I hate how this turned out.,negative
The event starts at 5 PM.,neutral
Great job by the team!,positive
Such a terrible decision.,negative
It ruined my whole day.,negative
What a wonderful day!,positive
I hate how this turned out.,negative
This is the worst thing ever!,negative
This update made my day!,positive
Such a terrible decision.,negative
It ruined my whole day.,negative
Really disappointed in the results.,negative
Fantastic experience!,positive
Absolutely loved this!,positive
I hate how this turned out.,negative
I'm so happy about the news!,positive
What a wonderful day!,positive
Fantastic experience!,positive
This update made my day!,positive
Absolutely loved this!,positive
Really disappointed in the results.,negative
Great job by the team!,positive
Great job by the team!,positive
Absolutely loved this!,positive
This update made my day!,positive
This update made my day!,positive
Great job by the team!,positive
Today is Tuesday.,neutral
It’s cloudy outside.,neutral
Great job by the team!,positive
Absolutely loved this!,positive
This is the worst thing ever!,negative
It’s cloudy outside.,neutral
Just finished reading the article.,neutral
Absolutely loved this!,positive
Really disappointed in the results.,negative
The event starts at 5 PM.,neutral
Really disappointed in the results.,negative
Working from home again.,neutral
Fantastic experience!,positive
What a wonderful day!,positive
Fantastic experience!,positive
It ruined my whole day.,negative
I hate how this turned out.,negative
Today is Tuesday.,neutral
The event starts at 5 PM.,neutral
What a wonderful day!,positive
It’s cloudy outside.,neutral
Today is Tuesday.,neutral
Working from home again.,neutral
It’s cloudy outside.,neutral
Just finished reading the article.,neutral
Today is Tuesday.,neutral
It’s cloudy outside.,neutral
What a wonderful day!,positive
Just finished reading the article.,neutral
I hate how this turned out.,negative
What a wonderful day!,positive
I'm sick of this happening.,negative
This is the worst thing ever!,negative
It’s cloudy outside.,neutral
Fantastic experience!,positive
I'm so happy about the news!,positive
Fantastic experience!,positive
The event starts at 5 PM.,neutral
I hate how this turned out.,negative
Fantastic experience!,positive
The event starts at 5 PM.,neutral
The event starts at 5 PM.,neutral
Working from home again.,neutral
It’s cloudy outside.,neutral
Working from home again.,neutral
It’s cloudy outside.,neutral
It’s cloudy outside.,neutral
Just finished reading the article.,neutral
Such a terrible decision.,negative
Just finished reading the article.,neutral
Really disappointed in the results.,negative
I'm sick of this happening.,negative
Just finished reading the article.,neutral
Absolutely loved this!,positive
I hate how this turned out.,negative
This update made my day!,positive
This is the worst thing ever!,negative
What a wonderful day!,positive
What a wonderful day!,positive
This is the worst thing ever!,negative
Today is Tuesday.,neutral
Working from home again.,neutral
I'm so happy about the news!,positive
Great job by the team!,positive
This is the worst thing ever!,negative
I'm sick of this happening.,negative
Absolutely loved this!,positive
Really disappointed in the results.,negative
Such a terrible decision.,negative
It’s cloudy outside.,neutral
I hate how this turned out.,negative
Today is Tuesday.,neutral
The event starts at 5 PM.,neutral
Fantastic experience!,positive
Working from home again.,neutral
Such a terrible decision.,negative
I'm sick of this happening.,negative
Working from home again.,neutral
The event starts at 5 PM.,neutral
I'm so happy about the news!,positive
I'm so happy about the news!,positive
This update made my day!,positive
What a wonderful day!,positive
Today is Tuesday.,neutral
Such a terrible decision.,negative
I'm so happy about the news!,positive
Absolutely loved this!,positive
It’s cloudy outside.,neutral
This update made my day!,positive
Absolutely loved this!,positive
It ruined my whole day.,negative
Absolutely loved this!,positive
I hate how this turned out.,negative
I'm sick of this happening.,negative
What a wonderful day!,positive
The event starts at 5 PM.,neutral
Just finished reading the article.,neutral
Today is Tuesday.,neutral
I hate how this turned out.,negative
The event starts at 5 PM.,neutral
I hate how this turned out.,negative
This is the worst thing ever!,negative
Today is Tuesday.,neutral
Working from home again.,neutral
Fantastic experience!,positive
Great job by the team!,positive
Just finished reading the article.,neutral
This update made my day!,positive
I'm sick of this happening.,negative
I'm sick of this happening.,negative
Really disappointed in the results.,negative
Today is Tuesday.,neutral
Fantastic experience!,positive
I'm so happy about the news!,positive
This is the worst thing ever!,negative
Today is Tuesday.,neutral
Working from home again.,neutral
Such a terrible decision.,negative
Great job by the team!,positive
Really disappointed in the results.,negative
It’s cloudy outside.,neutral
Such a terrible decision.,negative
It’s cloudy outside.,neutral
What a wonderful day!,positive
This is the worst thing ever!,negative
I'm so happy about the news!,positive
I'm so happy about the news!,positive
Working from home again.,neutral
I'm so happy about the news!,positive
I hate how this turned out.,negative
Today is Tuesday.,neutral
Really disappointed in the results.,negative
Great job by the team!,positive
Really disappointed in the results.,negative
It’s cloudy outside.,neutral
This is the worst thing ever!,negative
I'm so happy about the news!,positive
Just finished reading the article.,neutral
Working from home again.,neutral
The event starts at 5 PM.,neutral
What a wonderful day!,positive
Just finished reading the article.,neutral
Great job by the team!,positive
Great job by the team!,positive
Working from home again.,neutral
I'm sick of this happening.,negative
Fantastic experience!,positive
Today is Tuesday.,neutral
Absolutely loved this!,positive
Really disappointed in the results.,negative
Great job by the team!,positive
It ruined my whole day.,negative
What a wonderful day!,positive
Really disappointed in the results.,negative
I'm sick of this happening.,negative
The event starts at 5 PM.,neutral
Really disappointed in the results.,negative
What a wonderful day!,positive
Fantastic experience!,positive
Today is Tuesday.,neutral
Absolutely loved this!,positive
Just finished reading the article.,neutral
Working from home again.,neutral
Absolutely loved this!,positive
Working from home again.,neutral
Today is Tuesday.,neutral
Absolutely loved this!,positive
I'm so happy about the news!,positive
Absolutely loved this!,positive
The event starts at 5 PM.,neutral
The event starts at 5 PM.,neutral
Great job by the team!,positive
This is the worst thing ever!,negative
This is the worst thing ever!,negative
Working from home again.,neutral
It’s cloudy outside.,neutral
Great job by the team!,positive
I'm so happy about the news!,positive
Great job by the team!,positive
Really disappointed in the results.,negative
The event starts at 5 PM.,neutral
The event starts at 5 PM.,neutral
I hate how this turned out.,negative
Today is Tuesday.,neutral
Just finished reading the article.,neutral
Great job by the team!,positive
Absolutely loved this!,positive
It’s cloudy outside.,neutral
The event starts at 5 PM.,neutral
Fantastic experience!,positive
I'm so happy about the news!,positive
What a wonderful day!,positive
It ruined my whole day.,negative
Just finished reading the article.,neutral
It’s cloudy outside.,neutral
What a wonderful day!,positive
I hate how this turned out.,negative
What a wonderful day!,positive
I'm sick of this happening.,negative
I'm sick of this happening.,negative
Such a terrible decision.,negative
Fantastic experience!,positive
I'm so happy about the news!,positive
I'm sick of this happening.,negative
Working from home again.,neutral
Absolutely loved this!,positive
It ruined my whole day.,negative
This update made my day!,positive
What a wonderful day!,positive
I'm sick of this happening.,negative
The event starts at 5 PM.,neutral
It ruined my whole day.,negative
I'm sick of this happening.,negative
What a wonderful day!,positive
Working from home again.,neutral
I hate how this turned out.,negative
Such a terrible decision.,negative
Working from home again.,neutral
Such a terrible decision.,negative
This update made my day!,positive
Absolutely loved this!,positive
Really disappointed in the results.,negative
Working from home again.,neutral
I'm so happy about the news!,positive
I'm sick of this happening.,negative
Absolutely loved this!,positive
This update made my day!,positive
I'm so happy about the news!,positive
This is the worst thing ever!,negative
It’s cloudy outside.,neutral
The event starts at 5 PM.,neutral
This update made my day!,positive
Working from home again.,neutral
The event starts at 5 PM.,neutral
Great job by the team!,positive
This update made my day!,positive
Working from home again.,neutral
Fantastic experience!,positive
Just finished reading the article.,neutral
Really disappointed in the results.,negative
It’s cloudy outside.,neutral
Just finished reading the article.,neutral
This is the worst thing ever!,negative
The event starts at 5 PM.,neutral
Just finished reading the article.,neutral
Today is Tuesday.,neutral
Today is Tuesday.,neutral
Working from home again.,neutral
I hate how this turned out.,negative
Just finished reading the article.,neutral
Great job by the team!,positive
Just finished reading the article.,neutral
Really disappointed in the results.,negative
Such a terrible decision.,negative
Great job by the team!,positive
Absolutely loved this!,positive
This update made my day!,positive
I'm sick of this happening.,negative
Such a terrible decision.,negative
Such a terrible decision.,negative
Today is Tuesday.,neutral
Great job by the team!,positive
This update made my day!,positive
It ruined my whole day.,negative
I'm so happy about the news!,positive
I'm so happy about the news!,positive
Fantastic experience!,positive
Working from home again.,neutral
Fantastic experience!,positive
It ruined my whole day.,negative
Such a terrible decision.,negative
I hate how this turned out.,negative
It’s cloudy outside.,neutral
Absolutely loved this!,positive
Such a terrible decision.,negative
I'm so happy about the news!,positive
What a wonderful day!,positive
Just finished reading the article.,neutral
This update made my day!,positive
Fantastic experience!,positive
Absolutely loved this!,positive
It ruined my whole day.,negative
Such a terrible decision.,negative
It ruined my whole day.,negative
Such a terrible decision.,negative
This is the worst thing ever!,negative
Just finished reading the article.,neutral
Today is Tuesday.,neutral
It ruined my whole day.,negative
Absolutely loved this!,positive
It ruined my whole day.,negative
Such a terrible decision.,negative
This update made my day!,positive
This is the worst thing ever!,negative
Absolutely loved this!,positive
This update made my day!,positive
Just finished reading the article.,neutral
It’s cloudy outside.,neutral
Just finished reading the article.,neutral
Absolutely loved this!,positive
Working from home again.,neutral
Just finished reading the article.,neutral
It’s cloudy outside.,neutral
I'm so happy about the news!,positive
Working from home again.,neutral
Absolutely loved this!,positive
Such a terrible decision.,negative
It ruined my whole day.,negative
The event starts at 5 PM.,neutral
Today is Tuesday.,neutral
Really disappointed in the results.,negative
Working from home again.,neutral
Working from home again.,neutral
I hate how this turned out.,negative
Such a terrible decision.,negative
I'm so happy about the news!,positive
It’s cloudy outside.,neutral
Fantastic experience!,positive
Fantastic experience!,positive
Absolutely loved this!,positive
The event starts at 5 PM.,neutral
It ruined my whole day.,negative
Today is Tuesday.,neutral
I hate how this turned out.,negative
Today is Tuesday.,neutral
What a wonderful day!,positive
Just finished reading the article.,neutral
The event starts at 5 PM.,neutral
I'm so happy about the news!,positive
This update made my day!,positive
This is the worst thing ever!,negative
Really disappointed in the results.,negative
I hate how this turned out.,negative
Great job by the team!,positive
Really disappointed in the results.,negative
Today is Tuesday.,neutral
Really disappointed in the results.,negative
Such a terrible decision.,negative
Really disappointed in the results.,negative
Really disappointed in the results.,negative
Such a terrible decision.,negative
I hate how this turned out.,negative
I hate how this turned out.,negative
It ruined my whole day.,negative
Working from home again.,neutral
I'm sick of this happening.,negative
I'm so happy about the news!,positive
Great job by the team!,positive
This update made my day!,positive
Today is Tuesday.,neutral
Today is Tuesday.,neutral
What a wonderful day!,positive
It’s cloudy outside.,neutral
I'm sick of this happening.,negative
Great job by the team!,positive
Absolutely loved this!,positive
Working from home again.,neutral
Really disappointed in the results.,negative
The event starts at 5 PM.,neutral
Absolutely loved this!,positive
I'm so happy about the news!,positive
What a wonderful day!,positive
I hate how this turned out.,negative
This update made my day!,positive
It’s cloudy outside.,neutral
Just finished reading the article.,neutral
It ruined my whole day.,negative
I'm so happy about the news!,positive
Today is Tuesday.,neutral
This update made my day!,positive
I'm so happy about the news!,positive
Really disappointed in the results.,negative
Fantastic experience!,positive
Fantastic experience!,positive
I'm so happy about the news!,positive
Absolutely loved this!,positive
Such a terrible decision.,negative
What a wonderful day!,positive
It’s cloudy outside.,neutral
This is the worst thing ever!,negative
I hate how this turned out.,negative
I'm sick of this happening.,negative
Great job by the team!,positive
What a wonderful day!,positive
I hate how this turned out.,negative
What a wonderful day!,positive
I'm sick of this happening.,negative
What a wonderful day!,positive
I'm sick of this happening.,negative
What a wonderful day!,positive
Absolutely loved this!,positive
This update made my day!,positive
I hate how this turned out.,negative
The event starts at 5 PM.,neutral
Absolutely loved this!,positive
I'm so happy about the news!,positive
The event starts at 5 PM.,neutral
Today is Tuesday.,neutral
The event starts at 5 PM.,neutral
Just finished reading the article.,neutral
This is the worst thing ever!,negative
It ruined my whole day.,negative
Working from home again.,neutral
The event starts at 5 PM.,neutral
I'm so happy about the news!,positive
Such a terrible decision.,negative
Working from home again.,neutral
Such a terrible decision.,negative
Absolutely loved this!,positive
What a wonderful day!,positive
This update made my day!,positive
It’s cloudy outside.,neutral
Today is Tuesday.,neutral
Great job by the team!,positive
Working from home again.,neutral
Working from home again.,neutral
Fantastic experience!,positive
Fantastic experience!,positive
It’s cloudy outside.,neutral
I hate how this turned out.,negative
Just finished reading the article.,neutral
Working from home again.,neutral
Fantastic experience!,positive
I'm so happy about the news!,positive
This update made my day!,positive
What a wonderful day!,positive
Working from home again.,neutral
Absolutely loved this!,positive
Absolutely loved this!,positive
Really disappointed in the results.,negative
I'm sick of this happening.,negative
Great job by the team!,positive
The event starts at 5 PM.,neutral
Working from home again.,neutral
It ruined my whole day.,negative
This update made my day!,positive
Today is Tuesday.,neutral
Great job by the team!,positive
Fantastic experience!,positive
The event starts at 5 PM.,neutral
Great job by the team!,positive
This update made my day!,positive
Working from home again.,neutral
I'm sick of this happening.,negative
It’s cloudy outside.,neutral
Fantastic experience!,positive
Really disappointed in the results.,negative
This update made my day!,positive
Really disappointed in the results.,negative
Really disappointed in the results.,negative
What a wonderful day!,positive
Working from home again.,neutral
Fantastic experience!,positive
The event starts at 5 PM.,neutral
Great job by the team!,positive
I'm so happy about the news!,positive
Just finished reading the article.,neutral
Fantastic experience!,positive
Great job by the team!,positive
The event starts at 5 PM.,neutral
Great job by the team!,positive
Absolutely loved this!,positive
Fantastic experience!,positive
It’s cloudy outside.,neutral
Today is Tuesday.,neutral
Great job by the team!,positive
I'm so happy about the news!,positive
Fantastic experience!,positive
Working from home again.,neutral
Today is Tuesday.,neutral
I'm so happy about the news!,positive
This is the worst thing ever!,negative
This update made my day!,positive
I hate how this turned out.,negative
Really disappointed in the results.,negative
Absolutely loved this!,positive
Working from home again.,neutral
I'm so happy about the news!,positive
Just finished reading the article.,neutral
Today is Tuesday.,neutral
Fantastic experience!,positive
Absolutely loved this!,positive
The event starts at 5 PM.,neutral
I'm sick of this happening.,negative
Working from home again.,neutral
Such a terrible decision.,negative
I'm so happy about the news!,positive
This update made my day!,positive
Great job by the team!,positive
Today is Tuesday.,neutral
Absolutely loved this!,positive
Great job by the team!,positive
The event starts at 5 PM.,neutral
This update made my day!,positive
I hate how this turned out.,negative
What a wonderful day!,positive
Fantastic experience!,positive
Great job by the team!,positive
This update made my day!,positive
Fantastic experience!,positive
I hate how this turned out.,negative
This update made my day!,positive
Great job by the team!,positive
Fantastic experience!,positive
Fantastic experience!,positive
It’s cloudy outside.,neutral
Such a terrible decision.,negative
It’s cloudy outside.,neutral
It’s cloudy outside.,neutral
Fantastic experience!,positive
I'm so happy about the news!,positive
I'm so happy about the news!,positive
Today is Tuesday.,neutral
Today is Tuesday.,neutral
Today is Tuesday.,neutral
The event starts at 5 PM.,neutral
This update made my day!,positive
Absolutely loved this!,positive
It’s cloudy outside.,neutral
Great job by the team!,positive
The event starts at 5 PM.,neutral
It’s cloudy outside.,neutral
Today is Tuesday.,neutral
It’s cloudy outside.,neutral
Absolutely loved this!,positive
Today is Tuesday.,neutral
This is the worst thing ever!,negative
Just finished reading the article.,neutral
Fantastic experience!,positive
Working from home again.,neutral
It’s cloudy outside.,neutral
This update made my day!,positive
Such a terrible decision.,negative
Today is Tuesday.,neutral
The event starts at 5 PM.,neutral
It ruined my whole day.,negative
This update made my day!,positive
Fantastic experience!,positive
This update made my day!,positive
It ruined my whole day.,negative
I'm sick of this happening.,negative
Really disappointed in the results.,negative
Fantastic experience!,positive
This update made my day!,positive
Fantastic experience!,positive
Working from home again.,neutral
Fantastic experience!,positive
Really disappointed in the results.,negative
Today is Tuesday.,neutral
It ruined my whole day.,negative
It ruined my whole day.,negative
I'm sick of this happening.,negative
Fantastic experience!,positive
Today is Tuesday.,neutral
This update made my day!,positive
What a wonderful day!,positive
I'm so happy about the news!,positive
What a wonderful day!,positive
This update made my day!,positive
This is the worst thing ever!,negative
It’s cloudy outside.,neutral
I'm sick of this happening.,negative
This update made my day!,positive
I'm sick of this happening.,negative
I'm so happy about the news!,positive
What a wonderful day!,positive
I'm sick of this happening.,negative
I hate how this turned out.,negative
This is the worst thing ever!,negative
Just finished reading the article.,neutral
I'm sick of this happening.,negative
Fantastic experience!,positive
I hate how this turned out.,negative
Today is Tuesday.,neutral
Such a terrible decision.,negative
I hate how this turned out.,negative
Great job by the team!,positive
Such a terrible decision.,negative
Such a terrible decision.,negative
Working from home again.,neutral
I hate how this turned out.,negative
I hate how this turned out.,negative
This is the worst thing ever!,negative
Today is Tuesday.,neutral
The event starts at 5 PM.,neutral
I'm sick of this happening.,negative
Really disappointed in the results.,negative
What a wonderful day!,positive
Great job by the team!,positive
I'm so happy about the news!,positive
What a wonderful day!,positive
Really disappointed in the results.,negative
Such a terrible decision.,negative
Great job by the team!,positive
I'm so happy about the news!,positive
Really disappointed in the results.,negative
This update made my day!,positive
It ruined my whole day.,negative
Just finished reading the article.,neutral
This update made my day!,positive
Such a terrible decision.,negative
Just finished reading the article.,neutral
Such a terrible decision.,negative
The event starts at 5 PM.,neutral
This is the worst thing ever!,negative
What a wonderful day!,positive
It’s cloudy outside.,neutral
The event starts at 5 PM.,neutral
I hate how this turned out.,negative
Absolutely loved this!,positive
Fantastic experience!,positive
Such a terrible decision.,negative
I'm so happy about the news!,positive
The event starts at 5 PM.,neutral
It’s cloudy outside.,neutral
What a wonderful day!,positive
Absolutely loved this!,positive
Just finished reading the article.,neutral
Just finished reading the article.,neutral
The event starts at 5 PM.,neutral
Today is Tuesday.,neutral
Great job by the team!,positive
It’s cloudy outside.,neutral
Working from home again.,neutral
This is the worst thing ever!,negative
Today is Tuesday.,neutral
Absolutely loved this!,positive
Absolutely loved this!,positive
Fantastic experience!,positive
The event starts at 5 PM.,neutral
It ruined my whole day.,negative
I hate how this turned out.,negative
Great job by the team!,positive
Fantastic experience!,positive
Fantastic experience!,positive
Working from home again.,neutral
Just finished reading the article.,neutral
I'm so happy about the news!,positive
What a wonderful day!,positive
What a wonderful day!,positive
Really disappointed in the results.,negative
I'm sick of this happening.,negative
Great job by the team!,positive
The event starts at 5 PM.,neutral
I hate how this turned out.,negative
Absolutely loved this!,positive
Really disappointed in the results.,negative
This update made my day!,positive
Working from home again.,neutral
Such a terrible decision.,negative
What a wonderful day!,positive
Working from home again.,neutral
Great job by the team!,positive
Absolutely loved this!,positive
This is the worst thing ever!,negative
Just finished reading the article.,neutral
Today is Tuesday.,neutral
This update made my day!,positive
Today is Tuesday.,neutral
Working from home again.,neutral
I'm so happy about the news!,positive
Absolutely loved this!,positive
Really disappointed in the results.,negative
Working from home again.,neutral
Absolutely loved this!,positive
Fantastic experience!,positive
It’s cloudy outside.,neutral
It ruined my whole day.,negative
Absolutely loved this!,positive
Great job by the team!,positive
Working from home again.,neutral
Absolutely loved this!,positive
Fantastic experience!,positive
I'm so happy about the news!,positive
This is the worst thing ever!,negative
Working from home again.,neutral
Really disappointed in the results.,negative
The event starts at 5 PM.,neutral
It’s cloudy outside.,neutral
This update made my day!,positive
Just finished reading the article.,neutral
This is the worst thing ever!,negative
Such a terrible decision.,negative
It’s cloudy outside.,neutral
This update made my day!,positive
I hate how this turned out.,negative
Really disappointed in the results.,negative
Working from home again.,neutral
What a wonderful day!,positive
Such a terrible decision.,negative
Fantastic experience!,positive
The event starts at 5 PM.,neutral
Really disappointed in the results.,negative
The event starts at 5 PM.,neutral
Today is Tuesday.,neutral
I hate how this turned out.,negative
It ruined my whole day.,negative
Today is Tuesday.,neutral
The event starts at 5 PM.,neutral
I hate how this turned out.,negative
I'm so happy about the news!,positive
Great job by the team!,positive
Working from home again.,neutral
I'm sick of this happening.,negative
Absolutely loved this!,positive
I'm so happy about the news!,positive
It ruined my whole day.,negative
Working from home again.,neutral
I'm sick of this happening.,negative
This update made my day!,positive
Working from home again.,neutral
It’s cloudy outside.,neutral
Great job by the team!,positive
Just finished reading the article.,neutral
I hate how this turned out.,negative
The event starts at 5 PM.,neutral
I'm sick of this happening.,negative
What a wonderful day!,positive
Fantastic experience!,positive
Great job by the team!,positive
This is the worst thing ever!,negative
Fantastic experience!,positive
Really disappointed in the results.,negative
This update made my day!,positive
The event starts at 5 PM.,neutral
Just finished reading the article.,neutral
It’s cloudy outside.,neutral
Fantastic experience!,positive
It’s cloudy outside.,neutral
Great job by the team!,positive
Absolutely loved this!,positive
Fantastic experience!,positive
Really disappointed in the results.,negative
It’s cloudy outside.,neutral
The event starts at 5 PM.,neutral
It’s cloudy outside.,neutral
This update made my day!,positive
Working from home again.,neutral
Absolutely loved this!,positive
Just finished reading the article.,neutral
Working from home again.,neutral
Today is Tuesday.,neutral
Today is Tuesday.,neutral
Really disappointed in the results.,negative
Really disappointed in the results.,negative
I hate how this turned out.,negative
I'm sick of this happening.,negative
Today is Tuesday.,neutral
Absolutely loved this!,positive
What a wonderful day!,positive
Absolutely loved this!,positive
I'm so happy about the news!,positive
Such a terrible decision.,negative
What a wonderful day!,positive
I'm sick of this happening.,negative
I hate how this turned out.,negative
Such a terrible decision.,negative
Such a terrible decision.,negative
Today is Tuesday.,neutral
The event starts at 5 PM.,neutral
I'm sick of this happening.,negative
Just finished reading the article.,neutral
This update made my day!,positive
This update made my day!,positive
Working from home again.,neutral
Absolutely loved this!,positive
Such a terrible decision.,negative
This update made my day!,positive
Such a terrible decision.,negative
I'm so happy about the news!,positive
Great job by the team!,positive
Great job by the team!,positive
I'm so happy about the news!,positive
It’s cloudy outside.,neutral
Great job by the team!,positive
The event starts at 5 PM.,neutral
Absolutely loved this!,positive
This update made my day!,positive
Today is Tuesday.,neutral
I hate how this turned out.,negative
Working from home again.,neutral
The event starts at 5 PM.,neutral
Fantastic experience!,positive
I'm so happy about the news!,positive
Just finished reading the article.,neutral
It’s cloudy outside.,neutral
Great job by the team!,positive
I'm so happy about the news!,positive
It ruined my whole day.,negative
I'm sick of this happening.,negative
What a beautiful morning!,positive
I'm feeling so happy today!,positive
The meeting was boring and long.,negative
Can't wait for the concert tonight!,positive
This product is terrible.,negative
I love the new design.,positive
Not sure how I feel about this.,neutral
The weather is gloomy today.,negative
Had a great lunch with friends.,positive
The movie was okay nothing special.,neutral
Feeling a bit down today.,negative
Just completed my workout.,positive
The service at the restaurant was bad.,negative
So excited for the weekend!,positive
This is just average.,neutral
I'm really enjoying this book!,positive
Traffic was awful this morning.,negative
Looking forward to the holidays!,positive
The app keeps crashing.,negative
Saw a fantastic play yesterday.,positive
This is disappointing.,negative
Had an amazing trip!,positive
The new update is confusing.,negative
Life is unpredictable.,neutral
She did an excellent job!,positive
The presentation lacked detail.,negative
Enjoying the sunny weather.,positive
I'm worried about the results.,negative
Feeling hopeful about the future!,positive
I was expecting more from the event.,negative
The food was delicious!,positive
I'm exhausted after the hike.,neutral
It's just a regular day.,neutral
Can't stand the traffic jam.,negative
The concert was loud but fun!,positive
Not happy with the service.,negative
The park is peaceful and beautiful.,positive
I'm indifferent about the changes.,neutral
Such a frustrating experience.,negative
Delighted by the friendly staff.,positive
The product does what it promises.,neutral
Feeling sick today.,negative
It's a turning point in my career!,positive
The instructions were unclear.,negative
Had a lovely dinner tonight.,positive
This is so annoying.,negative
The game was thrilling!,positive
Waiting in long lines is tiring.,negative
I'm content with my progress.,positive
The movie was a masterpiece!,positive
I don't like the new policy.,negative
A mediocre performance overall.,neutral
The weather is fantastic.,positive
Feeling nervous about the interview.,negative
Had a great day at the beach!,positive
The service could be better.,negative
Just an ordinary moment.,neutral
I'm thrilled with the results!,positive
The meeting was productive.,positive
Disappointed by the outcome.,negative
The view from here is amazing!,positive
It's a bit chilly outside.,neutral
What a fantastic surprise!,positive
The product broke after one use.,negative
I'm grateful for this opportunity.,positive
The event was canceled.,negative
Feeling relaxed and peaceful.,positive
This movie is not my type.,negative
Had a wonderful time with family.,positive
Not interested in the offer.,neutral
The team played excellently!,positive
It was a horrible experience.,negative
Enjoying the music festival!,positive
The instructions were helpful.,positive
I'm sad about the news.,negative
This meal is just okay.,neutral
Feeling motivated today!,positive
The room was messy.,negative
I appreciate your kindness.,positive
The app is slow.,negative
It's a beautiful sunset.,positive
I'm confused about the directions.,neutral
Loved the new episode!,positive
The customer support was terrible.,negative
Having a great day!,positive
This is an average product.,neutral
I'm happy with my purchase.,positive
The service was awful.,negative
What a lovely garden!,positive
I'm frustrated with the delay.,negative
Feeling blessed and thankful!,positive
The weather is depressing.,negative
Enjoying a peaceful evening.,positive
I don't like this situation.,negative
The concert exceeded my expectations!,positive
This is not what I wanted.,negative
I'm excited about the new project!,positive
The food was bland.,negative
Spending time with friends is the best!,positive
I'm disappointed in the results.,negative
The trip was unforgettable!,positive
The product is faulty.,negative
Feeling joyful and energetic!,positive
It's just okay nothing special.,neutral
Had a fantastic workout!,positive
The meeting was a waste of time.,negative
Looking forward to the weekend getaway!,positive
The app doesn't work properly.,negative
Enjoyed a delicious meal.,positive
I'm tired from the long day.,neutral
The presentation was excellent!,positive
I'm not satisfied with the product.,negative
Such a fun experience!,positive
The roads are congested today.,negative
Feeling optimistic about tomorrow!,positive
The movie was disappointing.,negative
Had an amazing time at the party!,positive
I'm upset about the delay.,negative
This book is fascinating!,positive
The service was slow.,negative
Feeling calm and refreshed.,positive
The event was memorable.,positive
I'm unhappy with the decision.,negative
The food smells great!,positive
I'm puzzled by the instructions.,neutral
Had a great chat with my friend!,positive
The product doesn't meet expectations.,negative
Feeling excited and joyful!,positive
It's a dull and rainy day.,negative
I'm proud of my achievements!,positive
The app is user-friendly.,positive
Not pleased with the outcome.,negative
The music is soothing.,positive
The trip was exhausting.,negative
Enjoying my favorite hobby!,positive
Feeling anxious about the test.,negative
The park is crowded.,neutral
Had a wonderful vacation!,positive
The meeting was okay.,neutral
This is truly inspiring!,positive
The food is terrible.,negative
I'm grateful for the support.,positive
The event was poorly organized.,negative
Feeling energized and happy!,positive
The product arrived late.,negative
I'm satisfied with the service.,positive
The weather is unpredictable.,neutral
Had a fantastic time!,positive
This is disappointing news.,negative
I'm thrilled to announce!,positive
The movie was boring.,negative
Feeling relaxed after yoga.,positive
The product is broken.,negative
Enjoying the weekend!,positive
I'm worried about the future.,negative
The service is average.,neutral
Had an excellent meal!,positive
The event was a mess.,negative
Feeling strong and confident!,positive
The app crashed again.,negative
I'm happy with my results.,positive
The room was cold.,neutral
Such a great performance!,positive
Not satisfied with the customer service.,negative
Feeling joyful today!,positive
The product is overpriced.,negative
The concert was fantastic!,positive
I'm confused about the schedule.,neutral
Had a perfect day!,positive
The food was undercooked.,negative
Feeling motivated and inspired!,positive
The traffic is unbearable.,negative
I'm grateful for today.,positive
The meeting was disappointing.,negative
Enjoying the fresh air.,positive
The app is buggy.,negative
Feeling content after a good night's sleep.,positive
The service was fantastic!,positive
I'm sad it's over.,negative
The weather is lovely.,positive
Not happy with the changes.,negative
Had a great workout!,positive
The product stopped working.,negative
Feeling hopeful and positive!,positive
The movie exceeded expectations!,positive
I'm frustrated with the delays.,negative
Enjoying time with family.,positive
The food tasted bad.,negative
Feeling relaxed and happy!,positive
The event was boring.,negative
Had a wonderful evening!,positive
I'm annoyed by the noise.,negative
This book is amazing!,positive
The customer was rude.,negative
Feeling excited for the trip!,positive
The room was dirty.,negative
I'm proud of my team!,positive
The app is slow and unresponsive.,negative
Had a great day!,positive
The product is faulty.,negative
Feeling joyful and grateful!,positive
The weather is cold today.,neutral
Enjoying the music!,positive
The meeting was unproductive.,negative
I'm happy with the improvements.,positive
The food was tasteless.,negative
Feeling energetic and alive!,positive
The event was poorly planned.,negative
Had a fantastic experience!,positive
The app crashed frequently.,negative
I'm excited for the concert!,positive
The room was noisy.,neutral
The product is excellent!,positive
Not satisfied with the delivery.,negative
Feeling motivated and happy!,positive
The weather is nice today.,positive
The meeting was a disappointment.,negative
I'm grateful for my friends.,positive
The food was burnt.,negative
Had a fun day!,positive
The service was disappointing.,negative
Feeling optimistic today!,positive
The product doesn't function well.,negative
I'm thrilled with the results!,positive
The movie was predictable.,negative
Enjoying the weekend getaway!,positive
The meeting ran late.,negative
Feeling relaxed and calm.,positive
The app is slow to load.,negative
Had a great time!,positive
The service was terrible.,negative
I'm happy with my progress.,positive
The food was delicious!,positive
Feeling sad and tired.,negative
The event was excellent!,positive
The product is not as described.,negative
I'm excited about the new job!,positive
The room was uncomfortable.,negative
Having a good time!,positive
The instructions were confusing.,negative
Feeling grateful and blessed!,positive
The concert was average.,neutral
The movie was hilarious!,positive
I'm disappointed in the service.,negative
Had a fantastic lunch!,positive
The food was awful.,negative
Feeling hopeful about the future!,positive
The event was canceled last minute.,negative
I'm thrilled to be here!,positive
The product is subpar.,negative
Enjoying the beautiful day.,positive
The meeting was helpful.,positive
I'm stressed about work.,negative
This lunch is amazing!,positive
The app is glitchy.,negative
Feeling motivated and ready!,positive
The product failed to deliver.,negative
The event was exciting!,positive
The room was messy and dirty.,negative
I'm satisfied with the results.,positive
The food was fresh and tasty.,positive
Feeling tired after the trip.,neutral
The concert was fantastic!,positive
The service was not good.,negative
I'm excited for the weekend!,positive
The product is disappointing.,negative
Having a great time at the festival!,positive
This is just average.,neutral
Feeling grateful for today!,positive
The app keeps freezing.,negative
The meeting was productive.,positive
The food was underwhelming.,negative
I'm happy with the service.,positive
The event was a huge success!,positive
The room was too cold.,neutral
Feeling relaxed and thankful!,positive
The product is easy to use.,positive
The meeting ran smoothly.,positive
I'm sad about the cancellation.,negative
The concert was incredible!,positive
The service was slow.,negative
Feeling upbeat and happy!,positive
The food was overcooked.,negative
Had a wonderful trip!,positive
The app is not working.,negative
I'm pleased with the update.,positive
The product is cheap.,negative
Enjoying the sunny day!,positive
The meeting was unorganized.,negative
Feeling calm and peaceful!,positive
The food was fantastic!,positive
The event was disappointing.,negative
I'm excited to share the news!,positive
The service was poor.,negative
Had a great experience!,positive
The product is malfunctioning.,negative
Feeling content and happy!,positive
The room was bright and clean.,positive
The app crashed during use.,negative
I'm thrilled with my purchase!,positive
The food was bland and tasteless.,negative
Had an amazing day!,positive
The event was disappointing.,negative
Feeling excited and hopeful!,positive
The meeting was boring.,negative
I'm grateful for my family.,positive
The product is unreliable.,negative
Enjoying the cool breeze.,positive
The service was unsatisfactory.,negative
Feeling motivated to succeed!,positive
The food was delicious and fresh.,positive
The event was enjoyable!,positive
The app is running slow.,negative
I'm happy with the results!,positive
The product broke quickly.,negative
Had a fantastic evening!,positive
The meeting was informative.,positive
Feeling nervous about the exam.,negative
I'm excited for the new opportunities!,positive
The food was expensive.,neutral
Enjoying the sunny afternoon!,positive
The event was very well organized!,positive
I'm disappointed in the product.,negative
The service was excellent!,positive
The product is defective.,negative
Had a great time with friends!,positive
Feeling tired after work.,neutral
The music was amazing!,positive
The app keeps crashing frequently.,negative
I'm happy with the new features!,positive
The food was awful and cold.,negative
Feeling hopeful about the future.,positive
The event was cancelled unexpectedly.,negative
Had a wonderful experience!,positive
The product is not user-friendly.,negative
Enjoying the rainy day.,neutral
The service was outstanding!,positive
I'm sad about the delay.,negative
This is a fantastic opportunity!,positive
The meeting was disorganized.,negative
Feeling energetic and motivated!,positive
The food was good but pricey.,neutral
I'm thrilled with the outcome!,positive
The app is unstable.,negative
Had a great day at the park!,positive
The product didn't work as expected.,negative
Feeling relaxed after meditation.,positive
The event was boring and dull.,negative
I'm excited about the progress!,positive
The service was terrible and slow.,negative
Enjoying the warm weather.,positive
The food was tasty and fresh.,positive
Feeling frustrated with the situation.,negative
The app is easy to use.,positive
Had a fantastic concert!,positive
The product is unreliable and slow.,negative
I'm happy with the support.,positive
The meeting was productive but long.,neutral
The food was disgusting.,negative
Feeling optimistic and positive!,positive
The event was poorly managed.,negative
I'm excited to start the project!,positive
The product broke after a week.,negative
Enjoying the lovely weather!,positive
The app is glitchy and slow.,negative
Had a great vacation!,positive
The service was not helpful.,negative
Feeling content with my life!,positive
The food was bland and cold.,negative
The event was an unforgettable experience!,positive
The meeting was unorganized and chaotic.,negative
I'm thrilled to announce the launch!,positive
The product is not working properly.,negative
Enjoying the beautiful scenery!,positive
Feeling stressed and overwhelmed.,negative
The app is very intuitive.,positive
Had a wonderful day out!,positive
The food was terrible and salty.,negative
I'm happy with my achievements!,positive
The service was slow and careless.,negative
The event was very exciting!,positive
The product failed after first use.,negative
Feeling hopeful and excited!,positive
The meeting was effective.,positive
The food was average.,neutral
I'm satisfied with the quality.,positive
The app keeps freezing and crashing.,negative
Had a great time with family!,positive
The product doesn't meet standards.,negative
Feeling motivated and energized!,positive
The event was disappointing and boring.,negative
I'm happy with the support received!,positive
The food was fresh and delicious.,positive
The service was poor and slow.,negative
Enjoying the concert!,positive
The product is faulty and unreliable.,negative
I'm thrilled with the performance!,positive
The meeting was well organized.,positive
The food was overcooked and dry.,negative
Feeling relaxed and happy after vacation!,positive
The app crashed several times.,negative
Had a fantastic weekend!,positive
The product is not worth the money.,negative
I'm excited for the new features!,positive
The service was bad and unprofessional.,negative
Enjoying a quiet night at home.,positive
The food was amazing and flavorful.,positive
Feeling sad about the news.,negative
The event was successful and fun!,positive
The product is damaged.,negative
I'm grateful for my health!,positive
The meeting was a disaster.,negative
Had a great workout session!,positive
The app is slow and buggy.,negative
Feeling motivated and confident!,positive
The food was delicious and satisfying.,positive
The service was disappointing and slow.,negative
Enjoying the day with friends!,positive
The product is defective and broken.,negative
I'm happy with the results so far!,positive
The room was clean and comfortable.,positive
The app keeps crashing and freezing.,negative
Had an amazing day at work!,positive
The product stopped working suddenly.,negative
Feeling cheerful and lively!,positive
The meeting was productive and helpful.,positive
The food was tasteless and bland.,negative
I'm excited about the new opportunity!,positive
The service was good but slow.,neutral
Enjoying the beautiful sunset!,positive
The product is cheap and poorly made.,negative
Had a great day shopping!,positive
The app is crashing frequently.,negative
Feeling calm and relaxed after spa.,positive
The event was average and okay.,neutral
I'm pleased with the customer service.,positive
The food was bad and unappetizing.,negative
The concert was spectacular!,positive
The product is unreliable and defective.,negative
Feeling hopeful and motivated!,positive
The meeting was boring and unproductive.,negative
Had a wonderful picnic!,positive
The app is user-friendly and fast.,positive
I'm frustrated with the recent changes.,negative
The food was fresh and tasty.,positive
The service was terrible and rude.,negative
Enjoying the nature walk!,positive
The product broke after few uses.,negative
I'm happy with the update!,positive
The event was poorly executed.,negative
Feeling excited and ready!,positive
The room was noisy and uncomfortable.,negative
The food was delicious and hot.,positive
Had a great time exploring!,positive
The app crashed during the event.,negative
I'm thrilled with the new design!,positive
The food was bland and cold.,negative
Feeling motivated to do more!,positive
The product is great value.,positive
The meeting was dull and boring.,negative
Enjoying the sunny afternoon!,positive
The service was slow and disappointing.,negative
I'm happy with the customer support!,positive
The product is not functioning well.,negative
Had a fantastic dinner!,positive
The app is slow and crashes often.,negative
Feeling grateful for the support!,positive
The event was fun and enjoyable!,positive
I'm sad it's ending soon.,negative
The food was excellent and flavorful.,positive
The product is defective and cheap.,negative
It ruined my whole day.,negative
Just finished reading the article.,neutral
Looking forward to the weekend!,positive
The service was terrible will not return.,negative
I'm feeling okay about the results.,neutral
Best movie I've seen this year!,positive
Not impressed with the performance.,negative
Today was average nothing special.,neutral
I love the new features!,positive
The food was bland and cold.,negative
Work was exhausting but rewarding.,neutral
So happy with the customer support!,positive
The package never arrived.,negative
Walking in the park was peaceful.,positive
The book is quite boring.,negative
I will try again tomorrow.,neutral
The concert was an amazing experience!,positive
Waiting in line took forever.,negative
Everything went smoothly today.,positive
The instructions are confusing.,negative
Meeting went well feeling positive.,positive
My computer crashed again!,negative
The weather is perfect for a picnic.,positive
I'm unsure about the final decision.,neutral
Had a delightful dinner tonight.,positive
The app keeps freezing.,negative
Plans changed unexpectedly.,neutral
The lecture was very informative.,positive
I'm disappointed with the product.,negative
Just completed a tough workout!,positive
Lost my keys this morning.,negative
Feeling indifferent about this.,neutral
The team's effort was outstanding!,positive
The flight got delayed by hours.,negative
I enjoy learning new skills.,positive
The room was too noisy.,negative
Nothing exciting happened today.,neutral
My phone battery died quickly.,negative
Listening to music lifts my mood!,positive
The story lacks depth.,negative
Preparing for exams is stressful.,neutral
Had a great time at the festival!,positive
The coffee was cold.,negative
Work deadlines are approaching.,neutral
The garden looks beautiful this spring.,positive
My order was incorrect.,negative
Feeling optimistic about tomorrow.,positive
The movie plot was predictable.,negative
The package arrived on time.,positive
Struggling with the new software.,negative
Met some wonderful people today.,positive
Traffic was awful this morning.,negative
Reading novels helps me relax.,positive
Can't believe how bad the service was.,negative
Cooking is my favorite hobby.,positive
The presentation lacked clarity.,negative
I am hopeful for the future.,positive
The room smelled musty.,negative
The vacation was unforgettable!,positive
Running late for the meeting.,negative
Trying to stay calm and focused.,neutral
The team played exceptionally well!,positive
Disappointed with the customer service.,negative
Enjoyed a peaceful morning.,positive
The app has many bugs.,negative
I appreciate the support from friends.,positive
Missed the last train.,negative
Feeling stressed but determined.,neutral
Had a fun day with family!,positive
The instructions were unclear.,negative
A wonderful surprise awaited me.,positive
Car broke down unexpectedly.,negative
I'm thinking about changing jobs.,neutral
The performance was mesmerizing!,positive
Lost my wallet today.,negative
The weather is gloomy.,neutral
Celebrating a big achievement!,positive
Forgot to submit the report.,negative
Spent the afternoon gardening.,positive
The new update is problematic.,negative
Excited for the upcoming trip!,positive
The dish was too salty.,negative
Feeling relaxed after meditation.,positive
Missed an important call.,negative
The book I read was inspiring!,positive
My internet connection is unstable.,negative
Looking forward to meeting friends.,positive
The software crashed twice.,negative
Enjoying a cozy evening at home.,positive
The package was delayed.,negative
Received great feedback today!,positive
Feeling a bit under the weather.,negative
Had a productive workday.,positive
The event was poorly organized.,negative
Walking my dog in the sunset.,positive
Lost important documents.,negative
Trying out a new recipe.,positive
The tool didn't work as expected.,negative
Had an amazing workout session!,positive
The room was too cold.,negative
Feeling motivated and energized.,positive
Car broke down on the road.,negative
Enjoyed a lovely walk outdoors.,positive
Missed the bus this morning.,negative
The movie was heartwarming!,positive
The phone screen cracked.,negative
Excited about the new project!,positive
Received wrong order again.,negative
Had a relaxing weekend.,positive
The website is very slow.,negative
Looking forward to the holiday season!,positive
Forgot my password again.,negative
Enjoyed a delicious meal.,positive
The printer is jammed.,negative
Had a successful presentation!,positive
The music was too loud.,negative
Feeling grateful for today.,positive
The package got lost.,negative
Woke up feeling refreshed.,positive
Missed a deadline yesterday.,negative
Taking a break from work.,neutral
The team celebrated the victory!,positive
I spilled coffee on my shirt.,negative
Reading inspiring stories.,positive
The app keeps crashing.,negative
Had a wonderful chat with an old friend.,positive
The road was closed.,negative
Feeling hopeful about the changes.,positive
The order was cancelled without notice.,negative
Enjoyed the art exhibition.,positive
My bike tire is flat.,negative
Relieved to finish the project.,positive
The camera stopped working.,negative
The sunset was breathtaking!,positive
Lost my passport.,negative
Had a tasty breakfast.,positive
The computer overheated.,negative
Looking forward to the concert.,positive
The bus broke down.,negative
Had an inspiring day at work.,positive
The store ran out of stock.,negative
Feeling joyful and content.,positive
The light bulb burned out.,negative
Enjoying quality time with family.,positive
The flight was canceled.,negative
Had a successful meeting.,positive
The heating system failed.,negative
Feeling proud of my achievements.,positive
The cable TV stopped working.,negative
Went hiking in the mountains.,positive
The faucet is leaking.,negative
Had a pleasant dinner with friends.,positive
The power went out.,negative
Feeling excited for the weekend.,positive
The laptop battery won't charge.,negative
Enjoyed a beautiful sunrise.,positive
The phone battery drained fast.,negative
Had a great day at school.,positive
The printer ran out of ink.,negative
Feeling peaceful after yoga.,positive
The car wouldn't start.,negative
Had a joyful celebration.,positive
The remote control is broken.,negative
Excited to start a new book.,positive
The internet is down again.,negative
Had a refreshing swim.,positive
The drink spilled on the floor.,negative
Feeling calm and relaxed.,positive
The oven isn't heating properly.,negative
Enjoyed a sunny afternoon.,positive
The microwave stopped working.,negative
Had a fantastic time at the party!,positive
The phone screen froze.,negative
Feeling very cheerful today.,positive
The air conditioner broke.,negative
Enjoyed the live performance.,positive
The garage door is stuck.,negative
Had a lovely day at the park.,positive
The heater is noisy.,negative
Feeling strong and confident.,positive
The washing machine leaked.,negative
Had a fun game night!,positive
The door handle is loose.,negative
Looking forward to summer holidays!,positive
The window won't close.,negative
Had a wonderful family reunion!,positive
The fridge is not cooling.,negative
Feeling energetic this morning.,positive
The ceiling fan is broken.,negative
Enjoyed an interesting documentary.,positive
The light switch is faulty.,negative
Had a delicious lunch.,positive
The sink is clogged.,negative
Feeling thankful for good health.,positive
The carpet is stained.,negative
Had a beautiful garden tour.,positive
The dishwasher isn't draining.,negative
Looking forward to the festival.,positive
The roof is leaking.,negative
Had a pleasant walk by the lake.,positive
The sprinkler system failed.,negative
Feeling inspired to create.,positive
The alarm clock didn't go off.,negative
Enjoyed a great concert!,positive
The car horn is broken.,negative
Had a peaceful afternoon.,positive
The camera lens is scratched.,negative
Feeling content and happy.,positive
The bicycle chain broke.,negative
Had a relaxing spa day.,positive
The vacuum cleaner stopped working.,negative
Looking forward to the weekend getaway!,positive
The smoke detector went off accidentally.,negative
Had a successful job interview.,positive
The garden hose is leaking.,negative
Feeling rested after a good night's sleep.,positive
The doorbell is not ringing.,negative
Enjoyed a tasty dessert.,positive
The lawn mower broke down.,negative
Had a joyful holiday celebration!,positive
The garage opener is malfunctioning.,negative
Feeling excited about the new opportunity.,positive
The coffee maker stopped brewing.,negative
Had a great day at the museum.,positive
The thermostat is set too high.,negative
Feeling proud of my progress.,positive
The toaster is burnt.,negative
Had an inspiring workshop.,positive
The fan is making noise.,negative
Feeling joyful and carefree.,positive
The blender is leaking.,negative
Had a wonderful night out.,positive
The freezer is defrosting.,negative
Looking forward to tomorrow's picnic!,positive
The phone microphone is not working.,negative
Had a fun day at the amusement park!,positive
The TV remote batteries are dead.,negative
Feeling calm and content.,positive
The smoke alarm battery is dead.,negative
Had a beautiful drive through the countryside.,positive
The coffee filter broke.,negative
Enjoyed the movie last night!,positive
Had trouble logging in today.,negative
Feeling hopeful for the new year.,positive
The package was missing items.,negative
Had a relaxing day at the beach.,positive
The presentation had too many slides.,negative
I'm excited for the family reunion.,positive
Forgot to bring my ID.,negative
The cafe had great ambiance.,positive
Missed my morning workout.,negative
Feeling grateful for my friends.,positive
The battery drained too quickly.,negative
Loved the new restaurant in town!,positive
The meeting was lengthy and dull.,negative
Had a fantastic time at the concert!,positive
Lost my wallet while traveling.,negative
The garden is blooming beautifully.,positive
The software update caused errors.,negative
Had a wonderful time hiking.,positive
The food took forever to arrive.,negative
Feeling energized after yoga.,positive
The delivery was late again.,negative
Enjoyed a lovely sunset.,positive
The app is hard to navigate.,negative
Had a peaceful weekend.,positive
The car needs urgent repairs.,negative
Loved the new album release!,positive
The event was overcrowded.,negative
Feeling motivated to start fresh.,positive
The flight was canceled last minute.,negative
Had a delicious homemade meal.,positive
The headphones stopped working.,negative
Enjoyed a quiet evening reading.,positive
The concert was poorly organized.,negative
Feeling proud of my accomplishments.,positive
The room was too cold to sleep.,negative
Had an amazing day at the zoo!,positive
The internet speed is very slow.,negative
Enjoyed a morning run.,positive
The service at the cafe was rude.,negative
Feeling excited about the promotion!,positive
The washing machine is broken.,negative
Had a great chat with colleagues.,positive
The tickets were overpriced.,negative
Loved spending time with family.,positive
The camera battery died quickly.,negative
Feeling thankful for good news.,positive
The meeting ran over time.,negative
Had a joyful birthday celebration.,positive
The printer failed to print.,negative
Enjoying a calm afternoon.,positive
The music was off key.,negative
Feeling relaxed after a walk.,positive
The package got damaged in transit.,negative
Had a fun day exploring the city.,positive
The hotel room was dirty.,negative
Looking forward to the weekend trip!,positive
The elevator stopped working.,negative
Enjoyed visiting the museum.,positive
The app crashed repeatedly.,negative
Had a peaceful morning.,positive
The phone keeps freezing.,negative
Feeling optimistic about the future.,positive
The light bulb burnt out again.,negative
Loved the surprise party!,positive
The food was undercooked.,negative
Had a productive day at work.,positive
The car broke down on the highway.,negative
Enjoyed a beautiful garden walk.,positive
The software crashed during presentation.,negative
Had a restful night's sleep.,positive
The air conditioner stopped working.,negative
Feeling happy and content.,positive
The door handle fell off.,negative
Loved the scenic drive.,positive
The internet connection dropped.,negative
Had an inspiring conversation.,positive
The package was sent to the wrong address.,negative
Enjoyed a lovely picnic.,positive
The dishwasher is leaking water.,negative
Had a competitive sports match.,positive
The elevator was out of order.,negative
Feeling energized by the workout.,positive
The coffee was too bitter.,negative
Had a great time at the festival.,positive
The battery charger is broken.,negative
Enjoyed a sunny afternoon swim.,positive
The phone speaker stopped working.,negative
Feeling positive after therapy.,positive
The hotel lost my reservation.,negative
Had a fantastic cooking session!,positive
The air quality was poor today.,negative
Enjoyed the fireworks display.,positive
The printer ran out of ink.,negative
Feeling cheerful after meeting a friend.,positive
The car horn malfunctioned.,negative
Had a peaceful meditation session.,positive
The account was hacked.,negative
Enjoyed a delicious smoothie.,positive
The couch cushions are worn out.,negative
Feeling joyful after the surprise.,positive
The computer is running slow.,negative
Had a beautiful starry night.,positive
The phone screen cracked again.,negative
Loving the new workout routine!,positive
The weather ruined the picnic.,negative
Enjoyed the museum exhibit.,positive
The microwave stopped heating.,negative
Had a relaxing spa day.,positive
The battery overheated.,negative
Feeling hopeful after the meeting.,positive
The cable internet was disconnected.,negative
Enjoyed a quiet evening by the fireplace.,positive
The food was stale.,negative
Had a successful fundraising event.,positive
The car tire got punctured.,negative
Feeling calm during meditation.,positive
The app deleted my files.,negative
Enjoyed a scenic bike ride.,positive
The package was lost in shipping.,negative
Had a joyful reunion with friends.,positive
The heater broke during winter.,negative
Feeling thankful for support.,positive
The screen flickered constantly.,negative
Loved the new coffee blend!,positive
The payment did not go through.,negative
Enjoyed a calm Sunday morning.,positive
The alarm didn't go off.,negative
Had a great workout today!,positive
The shipment was delayed.,negative
Feeling proud of my progress.,positive
The headphones stopped pairing.,negative
Enjoyed a fun family game night.,positive
The faucet leaked all night.,negative
Had an inspiring lecture.,positive
The keys were stolen.,negative
Feeling joyous after the celebration.,positive
The router lost connection.,negative
Loved the peaceful garden walk.,positive
The app drained my battery.,negative
Had a delicious lunch with colleagues.,positive
The suitcase was damaged.,negative
Feeling content with my progress.,positive
The stove won't light.,negative
Enjoyed a refreshing swim.,positive
The package arrived incomplete.,negative
Had a delightful afternoon tea.,positive
The phone microphone is faulty.,negative
Feeling hopeful about tomorrow.,positive
The shoes gave me blisters.,negative
Had an amazing concert experience!,positive
The flight got diverted.,negative
Enjoyed a sunny beach day.,positive
The headphone jack is broken.,negative
Feeling refreshed after vacation.,positive
The software didn't install.,negative
Had a relaxing weekend getaway.,positive
The movie was canceled.,negative
Loved the new art gallery!,positive
The food was overpriced.,negative
Enjoyed an exciting football game.,positive
The printer paper jammed.,negative
Feeling grateful for my job.,positive
The bicycle chain slipped.,negative
Had a wonderful birthday surprise.,positive
The taxi never arrived.,negative
Enjoyed the peaceful countryside.,positive
The internet service was interrupted.,negative
Feeling optimistic about health.,positive
The delivery was incorrect.,negative
Had a delicious chocolate cake.,positive
The alarm clock was broken.,negative
Loved the morning sunrise hike!,positive
The computer froze during work.,negative
Enjoyed the weekend farmers market.,positive
The phone lost signal.,negative
Feeling happy after the workout.,positive
The screen brightness is too low.,negative
Had a fantastic weekend getaway!,positive
The ticket lines were too long.,negative
Enjoyed a beautiful garden party.,positive
The TV wouldn't turn on.,negative
Feeling peaceful after yoga.,positive
The battery needs replacement.,negative
Had a great day volunteering.,positive
The door lock jammed.,negative
Loved the new book I read!,positive
The coffee spilled on my shirt.,negative
Enjoyed a cool breeze on hot day.,positive
The car alarm kept ringing.,negative
Feeling inspired to start painting.,positive
The payment was declined.,negative
Had an amazing afternoon hike!,positive
The internet is down.,negative
Enjoyed a warm cup of tea.,positive
The microwave stopped working.,negative
Feeling joyful after hearing good news.,positive
The camera stopped focusing.,negative
Had a relaxing afternoon nap.,positive
The bus broke down.,negative
Loved spending time outdoors!,positive
The phone battery drains fast.,negative
Enjoyed a delicious fruit salad.,positive
The sink leaked all night.,negative
Feeling thankful for my family.,positive
The app froze during game.,negative
Had a successful project launch.,positive
The fridge stopped cooling.,negative
Enjoyed a scenic mountain view.,positive
The keys got lost.,negative
Feeling happy after good conversation.,positive
The website is slow.,negative
Had a joyful holiday meal.,positive
The laptop overheated.,negative
Loved the music festival!,positive
The ticket was lost.,negative
Enjoyed a calm morning walk.,positive
The TV remote is missing.,negative
Feeling peaceful after meditation.,positive
The car wouldn't start.,negative
Had a great evening with friends.,positive
The battery died unexpectedly.,negative
Enjoyed a beautiful day at the lake.,positive
The appointment was canceled.,negative
Feeling hopeful about new opportunities.,positive
The printer stopped printing.,negative
Had a fun day at the theme park!,positive
The internet connection failed.,negative
Enjoyed the quiet countryside.,positive
The headlights are broken.,negative
Feeling motivated to learn more.,positive
The package was misdelivered.,negative
Had a delicious dinner out.,positive
The phone screen shattered.,negative
Enjoyed an amazing sunset.,positive
The washer is leaking water.,negative
Feeling grateful for a good night's sleep.,positive
The elevator was stuck.,negative
Had a calm and relaxing day.,positive
The computer crashed.,negative
Enjoyed a lovely afternoon tea.,positive
The doorbell broke.,negative
Feeling joyful after good news.,positive
The car lost a tire.,negative
Had an inspiring workshop.,positive
The headphones stopped working.,negative
Enjoyed a sunny morning jog.,positive
The rug got stained.,negative
Feeling refreshed after a nap.,positive
The coffee maker broke.,negative
Had a great day hiking.,positive
The laptop won't boot.,negative
Enjoyed the peaceful garden.,positive
The cable is unplugged.,negative
Feeling optimistic about my goals.,positive
The food was undercooked again.,negative
Had a relaxing weekend at home.,positive
The light bulb flickered.,negative
Enjoyed a beautiful fall day.,positive
The air conditioner leaked.,negative
Feeling happy after a good book.,positive
The phone won't charge.,negative
Had a wonderful breakfast.,positive
The TV is unplugged.,negative
Enjoyed a fun night out.,positive
The sink clogged.,negative
Feeling proud after completing my task.,positive
The app lost all my data.,negative
Had a fantastic day with friends!,positive
The battery won't hold a charge.,negative
Enjoyed a peaceful sunrise.,positive
The keyboard stopped working.,negative
Feeling lucky to be healthy.,positive
The cable modem failed.,negative
Had a great meal with family.,positive
The curtains ripped.,negative
Enjoyed a relaxing beach walk.,positive
The router needs reset.,negative
Feeling hopeful after the interview.,positive
The plans were canceled.,negative
Had a joyful picnic in the park.,positive
The phone reception is bad.,negative
Enjoyed a wonderful concert.,positive
The charger is broken.,negative
Feeling calm after meditation.,positive
The sink faucet is dripping.,negative
Had a fun bike ride.,positive
The keyboard is sticky.,negative
Enjoyed a great movie night.,positive
The app crashed several times.,negative
Feeling excited for the trip!,positive
The heater is not working.,negative
Had a delicious lunch.,positive
The door creaked loudly.,negative
Enjoyed a sunny afternoon.,positive
The battery overheated and stopped.,negative